Date,Received Quantity,Received Currency,Sent Quantity,Sent Currency,Fee Amount,Fee Currency,Tag
03/06/2026 15:11:46,,,0.29097062,BTC,0.00000836,BTC,transfer
03/04/2026 16:15:30,0.2689553,BTC,19262.55,USD,0.00002406,BTC,buy
02/11/2026 04:34:51,,,0.30000564,BTC,0.00000564,BTC,transfer
02/06/2026 13:39:08,0.46788365,BTC,31128.19,USD,0.00001991,BTC,buy
02/06/2026 03:28:05,,,0.50001881,BTC,0.00001881,BTC,transfer
02/06/2026 01:19:42,0.58604194,BTC,38989.24,USD,0.0000671,BTC,buy
02/04/2026 22:45:06,,,0.50001035,BTC,0.00001035,BTC,transfer
01/31/2026 23:50:46,0.15880496,BTC,12865.49,USD,0.00001578,BTC,buy
01/31/2026 18:23:29,,,0.20001045,BTC,0.00001045,BTC,transfer
11/12/2025 00:17:26,,,0.00100564,BTC,0.00000564,BTC,transfer
06/19/2025 22:57:57,,,0.00101045,BTC,0.00001045,BTC,transfer
06/18/2025 18:19:58,0.24245812,BTC,25388.84,USD,0.00004482,BTC,buy
06/17/2025 16:19:44,0.5,BTC,52781.21,USD,0.00004594,BTC,buy
06/17/2025 16:06:51,0.2,BTC,21112.48,USD,0.00005003,BTC,buy
06/17/2025 15:57:27,0.1,BTC,10556.24,USD,0.00004913,BTC,buy
06/17/2025 15:34:20,0.0009573,BTC,101.05,USD,0.00006462,BTC,buy
06/09/2025 15:50:41,0.001,BTC,107.69,USD,0.00002213,BTC,buy
10/08/2025 17:22:11,0.000001,XRP,,,0.000011,XRP,buy
10/08/2025 17:21:51,,,4400.00001,XRP,0.00001,XRP,transfer
10/08/2025 17:20:00,0.000001,XRP,,,0.000011,XRP,buy
10/08/2025 17:19:40,,,9.00001,XRP,0.00001,XRP,transfer
08/11/2025 00:40:42,0.000001,XRP,,,0.000011,XRP,buy
08/11/2025 00:40:22,999.99996,XRP,3218.58,USD,0.00002,XRP,buy
06/23/2025 06:43:10,0.000001,XRP,,,0.000011,XRP,buy
06/22/2025 13:47:20,0.000001,XRP,,,0.000011,XRP,buy
06/13/2025 22:17:50,0.000001,XRP,,,0.000011,XRP,buy
06/09/2025 06:15:10,0.000001,XRP,,,0.000011,XRP,buy
06/05/2025 14:51:41,0.000001,XRP,,,0.000011,XRP,buy
06/05/2025 14:51:20,13854.682377,XRP,30322.00,USD,0.00002,XRP,buy
06/05/2025 14:49:20,0.000001,XRP,,,0.000011,XRP,buy
06/05/2025 14:48:52,45.317563,XRP,99.18,USD,0.00002,XRP,buy
05/29/2025 22:28:50,0.000001,XRP,,,0.000011,XRP,buy
05/29/2025 22:28:30,10000,XRP,22843.23,USD,0.00002,XRP,buy
05/29/2025 22:26:51,0.000001,XRP,,,0.000011,XRP,buy
05/29/2025 22:26:31,100,XRP,228.43,USD,0.00002,XRP,buy
01/10/2026 19:30:42,0.0000001,XLM,,,0.001,XLM,buy
01/10/2026 19:30:31,0.0000001,XLM,,,0.001,XLM,buy
01/10/2026 19:24:01,0.0000001,XLM,,,0.001,XLM,buy
01/08/2026 13:16:26,0.0000001,XLM,,,0.001,XLM,buy
01/05/2026 17:14:28,0.0000001,XLM,,,0.001,XLM,buy
01/04/2026 04:28:07,0.0000001,XLM,,,0.001,XLM,buy
01/03/2026 14:06:37,0.0000001,XLM,,,0.001,XLM,buy
01/03/2026 08:33:56,0.0000001,XLM,,,0.001,XLM,buy
01/02/2026 20:54:54,0.0000001,XLM,,,0.001,XLM,buy
12/31/2025 10:00:49,0.0000001,XLM,,,0.001,XLM,buy
12/21/2025 03:05:14,0.0000001,XLM,,,0.001,XLM,buy
12/20/2025 20:21:49,0.0000001,XLM,,,0.001,XLM,buy
12/20/2025 12:18:23,0.0000001,XLM,,,0.001,XLM,buy
12/19/2025 14:47:19,0.0000001,XLM,,,0.001,XLM,buy
12/19/2025 12:32:32,0.0000001,XLM,,,0.001,XLM,buy
12/19/2025 10:14:53,0.0000001,XLM,,,0.001,XLM,buy
12/17/2025 22:11:42,0.0000001,XLM,,,0.001,XLM,buy
12/17/2025 22:05:01,0.0000001,XLM,,,0.001,XLM,buy
12/17/2025 17:11:03,0.0000001,XLM,,,0.001,XLM,buy
12/16/2025 21:10:37,0.0000001,XLM,,,0.001,XLM,buy
12/16/2025 16:53:09,0.0000001,XLM,,,0.001,XLM,buy
12/15/2025 20:57:58,0.0000001,XLM,,,0.001,XLM,buy
12/07/2025 11:18:01,0.0000001,XLM,,,0.0009,XLM,buy
12/01/2025 03:59:01,0.0000001,XLM,,,0.0009,XLM,buy
11/24/2025 13:17:45,0.0000001,XLM,,,0.001,XLM,buy
11/23/2025 21:31:18,0.0000001,XLM,,,0.001,XLM,buy
11/16/2025 22:06:24,0.0000001,XLM,,,0.001,XLM,buy
11/15/2025 21:56:14,0.0000001,XLM,,,0.001,XLM,buy
11/14/2025 21:39:22,0.0000001,XLM,,,0.001,XLM,buy
11/13/2025 21:42:21,0.0000001,XLM,,,0.001,XLM,buy
11/13/2025 08:21:37,0.0000001,XLM,,,0.001,XLM,buy
11/12/2025 19:20:58,0.0000001,XLM,,,0.001,XLM,buy
11/12/2025 07:55:19,0.0000001,XLM,,,0.001,XLM,buy
11/11/2025 18:26:41,0.0000001,XLM,,,0.001,XLM,buy
11/10/2025 17:54:14,0.0000001,XLM,,,0.001,XLM,buy
11/08/2025 17:35:42,0.0000001,XLM,,,0.001,XLM,buy
11/07/2025 15:56:58,0.0000001,XLM,,,0.001,XLM,buy
11/05/2025 19:46:36,0.0000001,XLM,,,0.001,XLM,buy
11/04/2025 19:05:51,0.0000001,XLM,,,0.001,XLM,buy
11/04/2025 01:30:58,0.0000001,XLM,,,0.001,XLM,buy
11/02/2025 20:49:10,0.0000001,XLM,,,0.0009,XLM,buy
10/29/2025 08:05:06,0.0000001,XLM,,,0.0009,XLM,buy
10/28/2025 10:36:20,0.0000001,XLM,,,0.0009,XLM,buy
10/26/2025 13:01:53,0.0000001,XLM,,,0.0009,XLM,buy
10/23/2025 22:18:42,0.0000001,XLM,,,0.0009,XLM,buy
10/23/2025 13:45:18,0.0000001,XLM,,,0.001,XLM,buy
10/22/2025 15:15:14,0.0000001,XLM,,,0.001,XLM,buy
10/21/2025 07:03:46,0.0000001,XLM,,,0.0009,XLM,buy
10/20/2025 20:46:20,0.0000001,XLM,,,0.001,XLM,buy
10/20/2025 05:30:37,0.0000001,XLM,,,0.001,XLM,buy
10/19/2025 12:10:20,0.0000001,XLM,,,0.001,XLM,buy
10/18/2025 13:22:48,0.0000001,XLM,,,0.001,XLM,buy
10/16/2025 16:38:12,0.0000001,XLM,,,0.001,XLM,buy
10/13/2025 17:23:25,0.0000001,XLM,,,0.0009,XLM,buy
10/11/2025 08:41:27,0.0000001,XLM,,,0.0009,XLM,buy
10/08/2025 18:12:02,0.001,XLM,,,0.00001,XLM,buy
10/08/2025 18:11:45,,,27800.00001,XLM,0.00001,XLM,transfer
10/08/2025 18:10:46,0.001,XLM,,,0.00001,XLM,buy
10/08/2025 18:10:29,,,100.00001,XLM,0.00001,XLM,transfer
10/07/2025 04:00:24,0.0000001,XLM,,,0.0009,XLM,buy
10/06/2025 19:45:49,0.0000001,XLM,,,0.001,XLM,buy
10/05/2025 21:10:38,0.0000001,XLM,,,0.0009,XLM,buy
10/05/2025 19:26:54,0.0000001,XLM,,,0.001,XLM,buy
10/05/2025 04:13:38,0.0000001,XLM,,,0.001,XLM,buy
10/04/2025 16:15:12,0.0000001,XLM,,,0.001,XLM,buy
10/04/2025 00:54:51,0.0000001,XLM,,,0.001,XLM,buy
10/03/2025 14:27:12,0.0000001,XLM,,,0.001,XLM,buy
10/03/2025 09:38:39,0.0000001,XLM,,,0.0009,XLM,buy
10/02/2025 13:37:37,0.0000001,XLM,,,0.001,XLM,buy
10/02/2025 02:34:54,0.0000001,XLM,,,0.0009,XLM,buy
10/02/2025 01:38:30,0.0000001,XLM,,,0.001,XLM,buy
10/01/2025 17:20:17,0.0000001,XLM,,,0.001,XLM,buy
09/30/2025 23:30:09,0.0000001,XLM,,,0.001,XLM,buy
09/30/2025 14:27:28,0.0000001,XLM,,,0.001,XLM,buy
09/29/2025 22:39:54,0.0000001,XLM,,,0.001,XLM,buy
09/29/2025 20:12:55,0.0000001,XLM,,,0.001,XLM,buy
09/28/2025 22:42:22,0.0000001,XLM,,,0.001,XLM,buy
09/28/2025 14:24:16,0.0000001,XLM,,,0.001,XLM,buy
09/28/2025 13:34:15,0.0000001,XLM,,,0.001,XLM,buy
09/27/2025 12:35:03,0.0000001,XLM,,,0.001,XLM,buy
09/26/2025 16:45:23,0.0000001,XLM,,,0.001,XLM,buy
09/26/2025 14:27:33,0.0000001,XLM,,,0.0009,XLM,buy
09/26/2025 04:33:54,0.0000001,XLM,,,0.001,XLM,buy
09/25/2025 15:41:28,0.0000001,XLM,,,0.001,XLM,buy
09/24/2025 21:10:37,0.0000001,XLM,,,0.001,XLM,buy
09/23/2025 10:26:08,0.0000001,XLM,,,0.001,XLM,buy
09/22/2025 12:17:29,0.0000001,XLM,,,0.001,XLM,buy
09/21/2025 15:22:45,0.0000001,XLM,,,0.001,XLM,buy
09/20/2025 22:01:39,0.0000001,XLM,,,0.001,XLM,buy
09/20/2025 06:30:24,0.0000001,XLM,,,0.001,XLM,buy
09/19/2025 21:16:13,0.0000001,XLM,,,0.001,XLM,buy
09/18/2025 22:26:04,0.0000001,XLM,,,0.001,XLM,buy
09/18/2025 02:41:00,0.0000001,XLM,,,0.001,XLM,buy
09/17/2025 11:31:10,0.0000001,XLM,,,0.001,XLM,buy
09/08/2025 22:25:46,0.0000001,XLM,,,0.001,XLM,buy
09/07/2025 17:09:30,0.0000001,XLM,,,0.001,XLM,buy
09/04/2025 09:13:21,0.0000001,XLM,,,0.001,XLM,buy
09/03/2025 02:34:57,0.0000001,XLM,,,0.001,XLM,buy
09/01/2025 19:06:51,0.0000001,XLM,,,0.001,XLM,buy
08/31/2025 22:57:02,0.0000001,XLM,,,0.001,XLM,buy
08/31/2025 07:55:51,0.0000001,XLM,,,0.001,XLM,buy
08/30/2025 13:09:20,0.0000001,XLM,,,0.001,XLM,buy
08/29/2025 05:24:49,0.0000001,XLM,,,0.001,XLM,buy
08/27/2025 13:41:07,0.0000001,XLM,,,0.001,XLM,buy
08/25/2025 21:21:57,0.0000001,XLM,,,0.001,XLM,buy
08/24/2025 13:19:09,0.0000001,XLM,,,0.001,XLM,buy
08/23/2025 11:05:42,0.0000001,XLM,,,0.001,XLM,buy
08/22/2025 12:22:56,0.0000001,XLM,,,0.001,XLM,buy
08/15/2025 00:23:12,0.0000001,XLM,,,0.001,XLM,buy
08/14/2025 13:00:50,0.0000001,XLM,,,0.001,XLM,buy
08/13/2025 20:46:55,0.0000001,XLM,,,0.001,XLM,buy
08/13/2025 09:45:22,0.0000001,XLM,,,0.001,XLM,buy
08/12/2025 23:19:45,0.0000001,XLM,,,0.001,XLM,buy
08/12/2025 19:39:57,0.0000001,XLM,,,0.001,XLM,buy
08/11/2025 22:03:45,0.0000001,XLM,,,0.001,XLM,buy
08/10/2025 20:49:29,0.0000001,XLM,,,0.001,XLM,buy
08/10/2025 08:57:53,0.0000001,XLM,,,0.001,XLM,buy
08/09/2025 22:05:01,0.0000001,XLM,,,0.001,XLM,buy
08/09/2025 08:58:23,0.0000001,XLM,,,0.001,XLM,buy
08/08/2025 18:34:31,0.0000001,XLM,,,0.001,XLM,buy
08/08/2025 06:01:23,0.0000001,XLM,,,0.001,XLM,buy
08/07/2025 17:41:49,0.0000001,XLM,,,0.001,XLM,buy
08/06/2025 11:00:55,0.0000001,XLM,,,0.001,XLM,buy
08/05/2025 19:29:57,0.0000001,XLM,,,0.001,XLM,buy
08/05/2025 03:25:31,0.0000001,XLM,,,0.001,XLM,buy
08/04/2025 07:25:02,0.0000001,XLM,,,0.001,XLM,buy
08/03/2025 12:05:14,0.0000001,XLM,,,0.001,XLM,buy
08/02/2025 16:21:46,0.0000001,XLM,,,0.001,XLM,buy
08/01/2025 15:58:02,0.0000001,XLM,,,0.001,XLM,buy
07/28/2025 11:30:04,0.0000001,XLM,,,0.001,XLM,buy
07/27/2025 23:15:19,0.0000001,XLM,,,0.001,XLM,buy
07/27/2025 02:03:45,0.0000001,XLM,,,0.001,XLM,buy
07/26/2025 15:47:40,0.0000001,XLM,,,0.001,XLM,buy
07/25/2025 20:33:40,0.0000001,XLM,,,0.001,XLM,buy
07/08/2025 11:23:44,0.0000001,XLM,,,0.001,XLM,buy
07/07/2025 21:12:20,0.0000001,XLM,,,0.001,XLM,buy
07/07/2025 09:53:58,0.0000001,XLM,,,0.001,XLM,buy
07/06/2025 21:00:56,0.0000001,XLM,,,0.001,XLM,buy
07/04/2025 06:25:11,0.0000001,XLM,,,0.001,XLM,buy
07/03/2025 19:02:54,0.0000001,XLM,,,0.001,XLM,buy
07/02/2025 20:04:24,0.0000001,XLM,,,0.001,XLM,buy
07/02/2025 05:25:44,0.0000001,XLM,,,0.001,XLM,buy
07/01/2025 18:25:40,0.0000001,XLM,,,0.001,XLM,buy
07/01/2025 02:26:01,0.0000001,XLM,,,0.001,XLM,buy
06/30/2025 13:34:31,0.0000001,XLM,,,0.001,XLM,buy
06/29/2025 16:48:14,0.0000001,XLM,,,0.001,XLM,buy
06/28/2025 22:49:31,0.0000001,XLM,,,0.001,XLM,buy
06/21/2025 04:48:35,0.0000001,XLM,,,0.001,XLM,buy
06/18/2025 02:33:06,0.0000001,XLM,,,0.001,XLM,buy
06/17/2025 01:49:21,0.0000001,XLM,,,0.001,XLM,buy
06/15/2025 14:28:12,0.0000001,XLM,,,0.001,XLM,buy
06/15/2025 03:06:39,0.0000001,XLM,,,0.001,XLM,buy
06/14/2025 18:09:31,0.0000001,XLM,,,0.001,XLM,buy
06/14/2025 07:16:53,0.0000001,XLM,,,0.001,XLM,buy
06/13/2025 19:37:03,0.0000001,XLM,,,0.001,XLM,buy
06/13/2025 10:26:20,0.0000001,XLM,,,0.001,XLM,buy
06/13/2025 05:24:05,0.0000001,XLM,,,0.001,XLM,buy
06/12/2025 19:11:06,0.0000001,XLM,,,0.001,XLM,buy
06/05/2025 14:58:13,82197.241435,XLM,21751.32,USD,0.00001,XLM,buy
06/05/2025 14:55:15,109,XLM,28.84,USD,0.00001,XLM,buy
05/22/2025 19:03:26,50000,XLM,15043.53,USD,0.00001,XLM,buy
05/22/2025 19:01:46,328.8629891,XLM,98.94,USD,0.00001,XLM,buy
09/17/2025 17:01:00,4103.45,VET,99.96,USD,0.21,VET,buy
09/17/2025 16:58:50,999.95,VET,24.36,USD,0.21,VET,buy
09/17/2025 16:51:00,8079.87380837,VET,196.83,USD,0.21,VET,buy
09/17/2025 16:47:50,81.92747922,VET,1.99,USD,0.21,VET,buy
06/19/2025 22:46:37,275.603324,ADA,165.36,USD,0.171397,ADA,buy
02/15/2024 23:11:00,234.1,DOGE,20.09,USD,1.43,DOGE,buy
03/06/2026 15:27:10,0.0000001,BNB,,,0.00000105,BNB,buy
03/06/2026 15:25:18,0,BNB,,,0.00000105,BNB,buy
03/04/2026 16:25:54,0.0000001,BNB,,,0.00000105,BNB,buy
03/04/2026 15:54:26,0,BNB,,,0.0000011,BNB,buy
03/04/2026 15:54:21,,,,,0.0000026,BNB,
02/06/2026 13:04:45,0,BNB,,,0.0000011,BNB,buy
02/06/2026 13:04:41,,,,,0.0000031,BNB,
02/06/2026 03:24:18,0,BNB,,,0.0000021,BNB,buy
02/06/2026 01:09:06,0,BNB,,,0.0000011,BNB,buy
02/06/2026 01:09:02,,,,,0.00000258,BNB,
02/02/2026 12:33:14,0,BNB,,,0.00000105,BNB,buy
01/31/2026 23:36:17,,,,,0.00000268,BNB,
01/31/2026 18:39:23,0,BNB,,,0.0000021,BNB,buy
11/21/2025 12:41:29,0.03065604,BNB,25.34,USD,0.00000105,BNB,buy
03/06/2026 15:25:15,19568.41528463,USDT,19568.21,USD,,,buy
03/04/2026 17:11:33,0.00001,USDT,,,,,buy
03/04/2026 17:10:23,0.00001,USDT,,,,,buy
03/04/2026 15:54:28,0.00001,USDT,,,,,buy
03/04/2026 15:54:26,0.00019969,USDT,,,,,buy
03/04/2026 15:54:21,,,19968.85798925,USDT,,,transfer
02/11/2026 04:44:33,19968.85798925,USDT,19957.41,USD,,,buy
02/06/2026 13:04:41,,,31739.09702147,USDT,,,transfer
02/06/2026 03:24:15,31739.09702147,USDT,31711.21,USD,,,buy
02/06/2026 01:09:02,,,38475.22703577,USDT,,,transfer
02/04/2026 22:54:39,35850.25934281,USDT,35797.49,USD,,,buy
02/02/2026 12:33:12,0.00012756,USDT,,,,,buy
02/01/2026 04:36:23,0.00012756,USDT,,,,,buy
02/01/2026 02:22:01,0.00001276,USDT,,,,,buy
01/31/2026 23:38:57,0.00001,USDT,,,,,buy
01/31/2026 23:38:05,0.00001276,USDT,,,,,buy
01/31/2026 23:36:22,0.00012756,USDT,,,,,buy
01/31/2026 23:36:17,,,12756,USDT,,,transfer
01/31/2026 18:39:21,15380.96727477,USDT,15358.20,USD,,,buy
01/27/2025 16:52:38,,,0.00436689,BNB,0.00071314,BNB,transfer
01/27/2025 16:52:38,0.00003618,BNB,0.02,USD,,,buy
01/27/2025 16:44:02,,,,,0.00008649,BNB,
01/27/2025 16:27:05,,,,,0.00010351,BNB,
01/27/2025 16:14:23,,,,,0.00045232,BNB,
01/27/2025 16:14:23,0.02051488,BNB,13.54,USD,,,buy
01/27/2025 16:14:02,,,,,0.00004651,BNB,
01/27/2025 16:10:23,,,0.00435717,BNB,0.00071318,BNB,transfer
01/27/2025 16:10:23,0.00003816,BNB,0.02,USD,,,buy
01/27/2025 16:10:08,,,,,0.00015497,BNB,
01/27/2025 16:07:50,,,0.00435803,BNB,0.00071314,BNB,transfer
01/27/2025 16:07:50,0.00003666,BNB,0.02,USD,,,buy
01/27/2025 16:07:20,,,,,0.00015497,BNB,
01/27/2025 16:05:53,0.01047501,BNB,6.91,USD,0.000021,BNB,buy
01/27/2025 16:03:56,,,,,0.00015497,BNB,
01/27/2025 16:02:32,,,,,0.00015497,BNB,
01/27/2025 16:01:50,,,0.00436082,BNB,0.00071314,BNB,transfer
01/27/2025 16:01:50,0.00003737,BNB,0.02,USD,,,buy
01/27/2025 16:01:26,,,,,0.00015497,BNB,
01/21/2025 14:32:51,,,0.00425294,BNB,0.00073764,BNB,transfer
01/21/2025 14:32:51,0.0000327,BNB,0.02,USD,,,buy
01/21/2025 14:31:33,,,,,0.00013805,BNB,
01/11/2025 16:22:29,,,,,0.00042173,BNB,
01/11/2025 16:22:14,,,,,0.00014201,BNB,
11/01/2024 23:14:21,,,,,0.0006165,BNB,
11/01/2024 23:13:45,,,,,0.00058187,BNB,
11/01/2024 23:13:03,,,,,0.00013862,BNB,
11/01/2024 23:12:36,,,,,0.00061644,BNB,
11/01/2024 23:12:00,,,,,0.00058809,BNB,
11/01/2024 23:11:36,,,,,0.00013862,BNB,
11/01/2024 23:11:06,,,,,0.0006165,BNB,
11/01/2024 23:10:39,,,,,0.00058049,BNB,
11/01/2024 23:10:09,,,,,0.00013858,BNB,
11/01/2024 23:09:42,,,,,0.0006165,BNB,
11/01/2024 23:09:09,,,,,0.00058187,BNB,
11/01/2024 23:08:42,,,,,0.00013862,BNB,
11/01/2024 23:08:12,,,,,0.00062845,BNB,
11/01/2024 23:07:06,,,,,0.00050916,BNB,
11/01/2024 23:06:33,,,,,0.00013862,BNB,
09/21/2024 22:06:43,,,,,0.00087169,BNB,
09/21/2024 22:06:07,,,,,0.00015497,BNB,
09/21/2024 22:04:25,,,,,0.00077591,BNB,
09/21/2024 22:03:58,,,,,0.00013894,BNB,
09/21/2024 22:03:22,,,,,0.00087169,BNB,
09/21/2024 22:02:37,,,,,0.00015497,BNB,
09/21/2024 21:54:01,,,,,0.00077591,BNB,
09/21/2024 21:53:43,,,,,0.00013894,BNB,
08/18/2024 16:58:06,,,0.07201153,BNB,0.00064828,BNB,transfer
08/11/2024 19:44:47,,,,,0.00007267,BNB,
08/11/2024 19:39:32,,,0.28843701,BNB,0.00069151,BNB,transfer
08/04/2024 19:24:28,,,,,0.00008822,BNB,
08/04/2024 19:23:28,,,,,0.00013952,BNB,
07/31/2024 17:27:09,,,,,0.00007867,BNB,
07/31/2024 17:27:00,,,,,0.00007267,BNB,
07/31/2024 17:26:45,,,,,0.00007267,BNB,
07/31/2024 16:36:33,,,0.050063,BNB,0.000063,BNB,transfer
07/31/2024 16:31:00,,,,,0.00087169,BNB,
07/31/2024 16:22:36,,,,,0.00015497,BNB,
07/31/2024 16:07:54,,,,,0.00079217,BNB,
07/31/2024 16:07:33,,,,,0.00008765,BNB,
07/31/2024 16:07:09,,,,,0.00013894,BNB,
07/31/2024 16:03:45,,,,,0.00035841,BNB,
07/31/2024 16:00:54,,,,,0.0005126,BNB,
07/31/2024 16:00:21,,,,,0.00004651,BNB,
07/31/2024 15:59:21,,,,,0.00087754,BNB,
07/31/2024 15:59:00,,,,,0.00009527,BNB,
07/31/2024 15:57:57,,,,,0.00009527,BNB,
07/31/2024 15:57:39,,,,,0.00015497,BNB,
07/31/2024 15:55:26,,,,,0.00008822,BNB,
07/31/2024 15:55:11,,,,,0.00008822,BNB,
07/31/2024 15:54:56,,,,,0.00008822,BNB,
07/31/2024 15:54:29,,,,,0.00079203,BNB,
07/31/2024 15:54:08,,,,,0.00008822,BNB,
07/31/2024 15:53:53,,,,,0.00013952,BNB,
07/31/2024 15:53:11,,,,,0.00048182,BNB,
07/31/2024 15:52:47,,,,,0.00004633,BNB,
07/31/2024 15:50:47,,,0.20070551,BNB,0.00070551,BNB,transfer
07/31/2024 15:47:44,,,,,0.00087169,BNB,
07/31/2024 15:46:26,,,,,0.00015494,BNB,
03/03/2024 13:20:45,0.59027,BNB,242.50,USD,0.000042,BNB,buy
03/02/2024 00:45:10,,,,,0.00043999,BNB,
03/02/2024 00:44:58,,,,,0.00008748,BNB,
03/02/2024 00:41:16,,,,,0.00043888,BNB,
03/02/2024 00:40:46,,,,,0.00007908,BNB,
03/02/2024 00:40:43,,,,,0.00008748,BNB,
03/02/2024 00:39:22,,,,,0.00043888,BNB,
03/02/2024 00:39:13,,,,,0.00008748,BNB,
03/02/2024 00:38:55,,,,,0.00007908,BNB,
03/02/2024 00:38:01,,,,,0.00007908,BNB,
03/02/2024 00:37:34,,,,,0.00007908,BNB,
03/02/2024 00:37:07,,,,,0.00007908,BNB,
03/02/2024 00:36:01,,,,,0.00007908,BNB,
03/02/2024 00:35:07,,,,,0.00013878,BNB,
03/02/2024 00:33:46,,,0.54687544,BNB,0.00065699,BNB,transfer
03/02/2024 00:33:46,0.00262234,BNB,1.07,USD,,,buy
03/02/2024 00:31:01,0.495,BNB,202.60,USD,0.000042,BNB,buy
03/02/2024 00:12:00,0.095,BNB,38.88,USD,0.000042,BNB,buy
01/24/2023 21:16:59,,,,,0.00039005,BNB,
01/24/2023 21:12:56,,,,,0.00040404,BNB,
01/24/2023 21:03:29,,,,,0.00040404,BNB,
01/24/2023 21:02:02,,,,,0.00039005,BNB,
01/24/2023 20:52:59,,,,,0.00046505,BNB,
01/24/2023 20:47:05,,,0.010105,BNB,0.000105,BNB,transfer
01/24/2023 20:39:30,,,0.010105,BNB,0.000105,BNB,transfer
01/22/2023 14:33:02,0.03287311,BNB,9.93,USD,0.000105,BNB,buy
01/27/2025 16:27:05,,,10,USDT,,,transfer
01/27/2025 16:14:23,,,13.70922519,USDT,,,transfer
11/01/2024 23:13:45,,,1,USDT,,,transfer
11/01/2024 23:12:00,,,1,USDT,,,transfer
11/01/2024 23:10:39,,,1,USDT,,,transfer
11/01/2024 23:09:09,,,1,USDT,,,transfer
11/01/2024 23:07:06,,,1,USDT,,,transfer
11/01/2024 23:04:03,8,USDT,7.99,USD,,,buy
07/31/2024 16:03:45,,,25,USDT,,,transfer
07/31/2024 16:00:54,,,15,USDT,,,transfer
07/31/2024 15:54:29,,,25,USDT,,,transfer
07/31/2024 15:53:11,116.83690075,USDT,116.79,USD,,,buy
01/21/2025 14:32:51,,,3.2328,LEMX,,,transfer
11/01/2024 23:07:06,1.20541271,LEMX,48.07,USD,,,buy
09/21/2024 22:04:25,,,0.38302436,LEMX,,,transfer
09/21/2024 21:54:01,,,0.38302436,LEMX,,,transfer
08/11/2024 19:39:32,2.56785686,LEMX,102.40,USD,,,buy
07/31/2024 16:07:54,,,0.36824275,LEMX,,,transfer
07/31/2024 16:03:45,0.37114471,LEMX,14.80,USD,,,buy
07/31/2024 16:00:54,0.22269806,LEMX,8.88,USD,,,buy
07/31/2024 15:53:11,,,1.76107147,LEMX,,,transfer
07/31/2024 15:50:47,1.76107147,LEMX,70.23,USD,,,buy
08/18/2024 16:58:06,41.15212081,DEBT,,,,,buy
03/02/2024 00:45:10,,,1.12,DEBT,,,transfer
03/02/2024 00:41:16,,,1.2,DEBT,,,transfer
03/02/2024 00:39:22,,,1.2,DEBT,,,transfer
03/02/2024 00:33:46,9.7186,DEBT,,,,,buy
05/01/2025 02:30:21,0.000001,XRP,,,0.000011,XRP,buy
05/01/2025 02:30:01,,,29900.00001,XRP,0.00001,XRP,transfer
05/01/2025 02:24:20,0.000001,XRP,,,0.000011,XRP,buy
05/01/2025 02:24:01,,,100.00001,XRP,0.00001,XRP,transfer
03/19/2025 08:46:02,0.000001,XRP,,,0.000011,XRP,buy
03/17/2025 12:47:00,0.000001,XRP,,,0.000011,XRP,buy
03/16/2025 15:35:52,0.000001,XRP,,,0.000011,XRP,buy
03/16/2025 15:35:30,900,XRP,2090.22,USD,0.00002,XRP,buy
03/13/2025 13:39:30,0.000001,XRP,,,0.000011,XRP,buy
03/09/2025 23:51:32,0.000001,XRP,,,0.000011,XRP,buy
03/09/2025 09:30:40,0.000001,XRP,,,0.000011,XRP,buy
03/06/2025 17:03:00,0.000001,XRP,,,0.000011,XRP,buy
03/03/2025 13:41:40,0.000001,XRP,,,0.000011,XRP,buy
03/03/2025 01:49:11,0.000001,XRP,,,0.000011,XRP,buy
03/03/2025 01:48:51,25000,XRP,73501.86,USD,0.00002,XRP,buy
03/03/2025 01:45:21,0.000001,XRP,,,0.000011,XRP,buy
03/03/2025 01:45:00,73,XRP,214.62,USD,0.00002,XRP,buy
03/02/2025 21:39:51,0.000001,XRP,,,0.000011,XRP,buy
03/01/2025 22:01:30,0.000001,XRP,,,0.000011,XRP,buy
02/17/2025 12:05:01,0.000001,XRP,,,0.000011,XRP,buy
02/17/2025 12:04:42,4000,XRP,10703.97,USD,0.00002,XRP,buy
02/17/2025 12:03:20,0.000001,XRP,,,0.000011,XRP,buy
02/17/2025 12:03:10,22,XRP,58.87,USD,0.00002,XRP,buy
11/25/2024 15:25:52,,,184.00001,XRP,0.00001,XRP,transfer
11/25/2024 14:56:52,,,10100.00001,XRP,0.00001,XRP,transfer
11/25/2024 14:55:41,,,10.00001,XRP,0.00001,XRP,transfer
09/12/2024 18:27:52,10267.911212,XRP,5498.50,USD,0.00002,XRP,buy
09/12/2024 18:18:50,26.671408,XRP,14.28,USD,0.00002,XRP,buy
05/29/2024 22:08:12,,,1274.07001,XRP,0.00001,XRP,transfer
05/29/2024 22:06:02,,,1.00001,XRP,0.00001,XRP,transfer
03/16/2024 15:57:01,,,806.00001,XRP,0.00001,XRP,transfer
03/16/2024 15:49:50,,,15.00001,XRP,0.00001,XRP,transfer
10/03/2022 19:02:12,409.5,XRP,184.62,USD,0.005,XRP,buy
10/03/2022 18:58:20,40.1641,XRP,18.10,USD,0.005,XRP,buy
03/22/2022 02:38:00,1629.060253,XRP,1376.55,USD,0.001,XRP,buy
03/22/2022 02:28:11,27.35,XRP,23.11,USD,0.001,XRP,buy
10/22/2025 18:58:20,,,0.001,ALGO,0.001,ALGO,transfer
10/22/2025 18:58:20,,,0.002,ALGO,0.002,ALGO,transfer
10/22/2025 18:58:20,,,4.001,ALGO,0.001,ALGO,transfer
10/22/2025 18:58:20,,,,,0.001,ALGO,
10/22/2025 18:36:24,,,,,0.001,ALGO,
10/22/2025 18:35:55,,,,,0.001,ALGO,
10/22/2025 18:21:42,45,ALGO,8.13,USD,0.001,ALGO,buy
10/18/2025 14:17:34,40,ALGO,7.16,USD,0.001,ALGO,buy
11/25/2024 15:19:11,0.0015,ETH,5.17,USD,,,buy
11/25/2024 14:51:23,,,4.94174789,ETH,0.00064421,ETH,transfer
11/25/2024 14:47:23,,,1.00075304,ETH,0.00075304,ETH,transfer
10/03/2024 18:58:59,1.948342,ETH,4608.02,USD,,,buy
09/20/2024 01:46:11,3.91949261,ETH,9637.38,USD,,,buy
07/06/2024 00:38:11,0.07464606,ETH,224.42,USD,,,buy
05/29/2024 19:54:35,,,5.00002241,ETH,0.00023028,ETH,transfer
05/29/2024 19:51:35,0.00004681,ETH,0.17,USD,0.00023165,ETH,buy
05/29/2024 19:48:47,,,0.46836448,ETH,0.00024448,ETH,transfer
05/29/2024 00:56:11,5.23598357,ETH,19925.87,USD,0.00016524,ETH,buy
03/03/2024 12:50:11,0.05004571,ETH,171.59,USD,,,buy
06/11/2023 18:46:47,0.1819,ETH,318.73,USD,0.00051749,ETH,buy
04/01/2023 14:05:59,,,10.04589679,ETH,0.00046891,ETH,transfer
02/14/2023 18:54:47,,,0.23637128,ETH,0.01637128,ETH,transfer
11/13/2022 14:16:47,0.17703,ETH,218.29,USD,0.00046111,ETH,buy
11/12/2022 03:18:47,0.09513,ETH,120.09,USD,0.0004351,ETH,buy
10/02/2022 02:13:23,0.521,ETH,676.96,USD,0.00014665,ETH,buy
08/04/2022 14:59:26,0.9955,ETH,1611.33,USD,0.00026674,ETH,buy
04/20/2022 02:44:38,,,1.0008484,ETH,0.0008484,ETH,transfer
03/16/2022 13:47:27,0.24071709,ETH,646.28,USD,0.00069596,ETH,buy
12/05/2021 18:46:20,5.65198121,ETH,23500.87,USD,0.00218742,ETH,buy
10/25/2021 17:33:34,,,5.52603412,ETH,0.003213,ETH,transfer
10/25/2021 17:33:06,8.12833363,ETH,33671.23,USD,0.002233,ETH,buy
10/25/2021 16:50:01,1,ETH,4142.45,USD,0.00225623,ETH,buy
09/21/2021 15:45:43,,,5.52603412,ETH,0.0019215,ETH,transfer
09/06/2021 22:31:55,5.49841168,ETH,21633.44,USD,0.00205643,ETH,buy
09/06/2021 22:26:40,0.02762244,ETH,108.68,USD,0.0027683,ETH,buy
09/12/2024 20:17:11,2420.61028509,MATIC,913.78,USD,,,buy
09/24/2025 01:59:35,0.00001,LINK,,,,,buy
03/03/2024 13:29:11,4.925,LINK,101.19,USD,,,buy
02/15/2024 23:12:11,7.342,LINK,147.32,USD,,,buy
05/13/2022 13:15:15,101.70927948,SNX,254.96,USD,,,buy
03/21/2022 22:23:29,94.67267049,MANA,228.43,USD,,,buy
03/21/2022 22:25:37,169.67479911,ENJ,244.70,USD,,,buy
10/22/2025 19:40:12,,,,,0.001,ALGO,
10/22/2025 18:21:42,,,45.001,ALGO,0.001,ALGO,transfer
10/18/2025 14:17:34,,,40.001,ALGO,0.001,ALGO,transfer
05/17/2025 05:44:34,0.000013,ALGO,,,,,buy
05/17/2025 05:44:17,0.0001,ALGO,,,0.001,ALGO,buy
05/15/2025 04:33:11,0.000013,ALGO,,,,,buy
05/15/2025 04:32:57,0.0001,ALGO,,,0.001,ALGO,buy
05/13/2025 03:18:55,0.000013,ALGO,,,,,buy
05/13/2025 03:18:41,0.0001,ALGO,,,0.001,ALGO,buy
05/11/2025 02:08:00,0.000013,ALGO,,,,,buy
05/11/2025 02:07:49,0.0001,ALGO,,,0.001,ALGO,buy
05/09/2025 00:58:08,0.000013,ALGO,,,,,buy
05/09/2025 00:57:57,0.0001,ALGO,,,0.001,ALGO,buy
05/06/2025 23:48:37,0.000013,ALGO,,,,,buy
05/06/2025 23:48:15,0.0001,ALGO,,,0.001,ALGO,buy
05/04/2025 22:36:34,0.000013,ALGO,,,,,buy
05/04/2025 22:36:25,0.0001,ALGO,,,0.001,ALGO,buy
05/02/2025 21:26:41,0.000013,ALGO,,,,,buy
05/02/2025 21:26:27,0.0001,ALGO,,,0.001,ALGO,buy
04/30/2025 20:15:14,0.000013,ALGO,,,,,buy
04/30/2025 20:15:03,0.0001,ALGO,,,0.001,ALGO,buy
04/28/2025 19:05:05,0.000013,ALGO,,,,,buy
04/28/2025 19:04:43,0.0001,ALGO,,,0.001,ALGO,buy
04/26/2025 17:54:08,0.000013,ALGO,,,,,buy
04/26/2025 17:53:57,0.0001,ALGO,,,0.001,ALGO,buy
04/24/2025 16:44:29,0.000013,ALGO,,,,,buy
04/24/2025 16:44:17,0.0001,ALGO,,,0.001,ALGO,buy
04/22/2025 15:29:42,0.000013,ALGO,,,,,buy
04/22/2025 15:29:36,0.0001,ALGO,,,0.001,ALGO,buy
04/20/2025 14:18:18,0.000013,ALGO,,,,,buy
04/20/2025 14:18:12,0.0001,ALGO,,,0.001,ALGO,buy
04/18/2025 13:06:09,0.000013,ALGO,,,,,buy
04/18/2025 13:05:55,0.0001,ALGO,,,0.001,ALGO,buy
04/16/2025 11:52:52,0.000013,ALGO,,,0.001,ALGO,buy
04/16/2025 11:52:18,0.0001,ALGO,,,0.001,ALGO,buy
04/14/2025 10:23:43,0.000013,ALGO,,,,,buy
04/14/2025 10:23:23,0.0001,ALGO,,,0.001,ALGO,buy
04/12/2025 08:31:24,0.000013,ALGO,,,,,buy
04/12/2025 08:31:07,0.0001,ALGO,,,0.001,ALGO,buy
04/10/2025 06:36:27,0.000013,ALGO,,,,,buy
04/10/2025 06:36:04,0.0001,ALGO,,,0.001,ALGO,buy
04/08/2025 04:35:40,0.000013,ALGO,,,,,buy
04/08/2025 04:35:31,0.0001,ALGO,,,0.001,ALGO,buy
03/24/2025 23:51:30,0.000013,ALGO,,,,,buy
03/24/2025 23:50:20,0.0001,ALGO,,,0.001,ALGO,buy
03/24/2025 08:37:02,0.0001,ALGO,,,0.001,ALGO,buy
03/24/2025 08:26:58,0.0001,ALGO,,,0.001,ALGO,buy
03/22/2025 01:33:40,0.0001,ALGO,,,0.001,ALGO,buy
03/21/2025 01:22:34,0.0001,ALGO,,,0.001,ALGO,buy
03/21/2025 01:13:00,0.000013,ALGO,,,,,buy
03/21/2025 01:09:03,0.0001,ALGO,,,0.001,ALGO,buy
03/20/2025 12:28:29,0.000013,ALGO,,,,,buy
03/20/2025 12:24:32,0.0001,ALGO,,,0.001,ALGO,buy
03/20/2025 09:06:00,0.000013,ALGO,,,,,buy
03/20/2025 09:02:31,0.0001,ALGO,,,0.001,ALGO,buy
11/25/2024 15:24:05,,,1900.001,ALGO,0.001,ALGO,transfer
11/25/2024 15:04:37,,,98000.001,ALGO,0.001,ALGO,transfer
11/25/2024 15:02:22,,,10.001,ALGO,0.001,ALGO,transfer
11/04/2024 19:42:02,,,,,0.001,ALGO,
11/04/2024 17:56:26,0.000013,ALGO,,,,,buy
11/04/2024 17:56:15,0.000013,ALGO,,,,,buy
11/04/2024 17:56:12,0.000013,ALGO,,,,,buy
11/04/2024 17:55:41,0.000013,ALGO,,,0.001,ALGO,buy
11/04/2024 17:54:50,0.000014,ALGO,,,0.001,ALGO,buy
11/04/2024 17:52:14,,,20000,ALGO,,,transfer
11/04/2024 17:52:14,,,0.057,ALGO,0.057,ALGO,transfer
11/04/2024 17:46:03,0.000013,ALGO,,,,,buy
11/04/2024 17:45:57,0.000014,ALGO,,,0.001,ALGO,buy
11/04/2024 17:44:52,,,7999.943,ALGO,,,transfer
11/04/2024 17:44:52,,,0.057,ALGO,0.057,ALGO,transfer
11/04/2024 17:43:38,0.000013,ALGO,,,,,buy
11/04/2024 17:43:24,0.000014,ALGO,,,0.001,ALGO,buy
12/05/2022 03:32:59,0.02659856,AVAX,0.37,USD,0.0005565,AVAX,buy
09/17/2024 20:43:35,13.64795111,MQT,,,,,buy
09/17/2024 17:19:01,1,MQT,,,,,buy
05/01/2025 02:47:46,0.001,XLM,,,0.00001,XLM,buy
05/01/2025 02:47:18,,,139999.999994,XLM,0.00001,XLM,transfer
05/01/2025 02:38:30,0.001,XLM,,,0.00001,XLM,buy
05/01/2025 02:38:12,,,100.00001,XLM,0.00001,XLM,transfer
04/30/2025 13:32:47,0.0000001,XLM,,,0.001,XLM,buy
04/29/2025 22:38:48,0.0000001,XLM,,,0.001,XLM,buy
04/29/2025 12:05:25,0.0000001,XLM,,,0.001,XLM,buy
04/28/2025 20:58:15,0.0000001,XLM,,,0.001,XLM,buy
04/28/2025 10:40:02,0.0000001,XLM,,,0.001,XLM,buy
04/27/2025 23:44:05,0.0000001,XLM,,,0.001,XLM,buy
04/27/2025 16:14:58,0.0000001,XLM,,,0.001,XLM,buy
04/17/2025 20:51:58,0.0000001,XLM,,,0.001,XLM,buy
04/16/2025 19:22:46,0.0000001,XLM,,,0.001,XLM,buy
04/16/2025 08:48:20,0.0000001,XLM,,,0.001,XLM,buy
04/15/2025 05:39:25,0.0000001,XLM,,,0.001,XLM,buy
04/14/2025 19:37:22,0.0000001,XLM,,,0.001,XLM,buy
04/13/2025 23:02:05,0.0000001,XLM,,,0.001,XLM,buy
04/12/2025 20:30:26,0.0000001,XLM,,,0.001,XLM,buy
04/12/2025 06:53:48,0.0000001,XLM,,,0.001,XLM,buy
04/11/2025 19:18:34,0.0000001,XLM,,,0.001,XLM,buy
04/11/2025 08:16:45,0.0000001,XLM,,,0.001,XLM,buy
04/09/2025 23:17:49,0.0000001,XLM,,,0.001,XLM,buy
04/09/2025 13:00:09,0.0000001,XLM,,,0.001,XLM,buy
03/10/2025 10:16:21,0.000001,XLM,,,0.001,XLM,buy
03/03/2025 19:25:13,0.0000001,XLM,,,0.001,XLM,buy
03/03/2025 01:57:26,120000,XLM,42080.48,USD,0.00001,XLM,buy
03/03/2025 01:55:33,100,XLM,35.06,USD,0.00001,XLM,buy
02/17/2025 12:07:21,20000,XLM,6802.12,USD,0.00001,XLM,buy
11/25/2024 15:21:09,0.000001,XLM,,,0.00013,XLM,buy
11/25/2024 15:20:44,,,100000.2442965,XLM,0.00001,XLM,transfer
11/25/2024 14:37:34,0.000001,XLM,,,0.00018,XLM,buy
11/25/2024 14:37:09,,,78971.00001,XLM,0.00001,XLM,transfer
11/25/2024 14:33:17,0.000001,XLM,,,0.007515,XLM,buy
11/25/2024 14:32:46,,,20.0266953,XLM,0.000501,XLM,transfer
11/18/2024 16:22:50,0.000001,XLM,,,0.001,XLM,buy
09/25/2024 14:08:11,0.000001,XLM,,,0.001,XLM,buy
09/12/2024 17:52:45,34979.8828012,XLM,3278.37,USD,0.00001,XLM,buy
09/12/2024 17:41:46,10.6701949,XLM,1.00,USD,0.00001,XLM,buy
09/10/2024 15:53:43,0.000001,XLM,,,0.001,XLM,buy
09/07/2024 01:26:49,0.000001,XLM,,,0.001,XLM,buy
08/23/2024 03:47:37,0.000001,XLM,,,0.00101,XLM,buy
08/09/2024 19:12:27,0.000001,XLM,,,0.001,XLM,buy
08/05/2024 13:16:39,0.000001,XLM,,,0.001,XLM,buy
07/24/2024 18:24:02,0.000001,XLM,,,0.001,XLM,buy
07/23/2024 17:43:35,0.000001,XLM,,,0.001,XLM,buy
07/20/2024 05:46:28,0.000001,XLM,,,0.001,XLM,buy
07/19/2024 15:23:40,0.000001,XLM,,,0.001,XLM,buy
07/18/2024 17:34:40,0.000001,XLM,,,0.002,XLM,buy
07/17/2024 16:49:03,0.000001,XLM,,,0.006,XLM,buy
07/16/2024 21:22:51,,,798.00001,XLM,0.00001,XLM,transfer
07/16/2024 20:54:50,,,20.00001,XLM,0.00001,XLM,transfer
07/16/2024 03:59:19,0.000001,XLM,,,0.001,XLM,buy
07/15/2024 15:44:27,0.000001,XLM,,,0.001,XLM,buy
07/14/2024 17:44:12,0.000001,XLM,,,0.001,XLM,buy
07/13/2024 08:22:58,0.000001,XLM,,,0.001,XLM,buy
07/10/2024 12:26:18,0.000001,XLM,,,0.001,XLM,buy
07/09/2024 14:22:25,0.000001,XLM,,,0.001,XLM,buy
07/08/2024 21:35:04,,,100000.00001,XLM,0.00001,XLM,transfer
07/08/2024 21:33:27,,,5.00001,XLM,0.00001,XLM,transfer
07/08/2024 21:28:04,,,5.00001,XLM,0.00001,XLM,transfer
07/08/2024 10:20:40,0.000001,XLM,,,0.001,XLM,buy
07/07/2024 05:59:43,0.000001,XLM,,,0.001,XLM,buy
07/06/2024 11:07:02,0.000001,XLM,,,0.001,XLM,buy
07/06/2024 00:23:04,144228.6222884,XLM,12617.98,USD,0.00001,XLM,buy
07/06/2024 00:19:56,100,XLM,8.74,USD,0.00001,XLM,buy
07/05/2024 14:08:35,0.000001,XLM,,,0.001,XLM,buy
07/05/2024 03:15:35,0.000001,XLM,,,0.001,XLM,buy
06/07/2024 03:28:03,50000,XLM,5310.50,USD,0.00001,XLM,buy
06/07/2024 02:21:50,50000,XLM,5310.50,USD,0.00001,XLM,buy
06/07/2024 02:19:20,500,XLM,53.10,USD,0.00001,XLM,buy
05/29/2024 01:08:49,,,14716.10001,XLM,0.00001,XLM,transfer
05/29/2024 01:04:43,,,10000.00001,XLM,0.00001,XLM,transfer
05/29/2024 01:02:39,,,1000.00006,XLM,0.00006,XLM,transfer
05/29/2024 01:00:58,,,0.01001,XLM,0.00001,XLM,transfer
03/03/2024 13:04:52,4298.4437515,XLM,594.30,USD,0.00003,XLM,buy
06/11/2023 18:48:34,1404.5,XLM,116.10,USD,0.00001,XLM,buy
10/10/2022 02:44:04,1569.2820898,XLM,198.66,USD,0.0002002,XLM,buy
09/28/2022 19:49:54,2538,XLM,275.66,USD,0.0005,XLM,buy
09/15/2022 16:40:17,2708,XLM,279.45,USD,0.0005,XLM,buy
08/04/2022 14:56:54,3046,XLM,348.40,USD,0.00001,XLM,buy
07/28/2022 01:40:25,4176,XLM,470.31,USD,0.00001,XLM,buy
07/08/2022 01:48:25,3981,XLM,453.67,USD,0.00001,XLM,buy
03/16/2022 14:26:27,1899.99,XLM,349.20,USD,0.00001,XLM,buy
03/16/2022 14:17:37,95.99,XLM,17.64,USD,0.00001,XLM,buy
11/25/2024 15:11:23,0.000001,SOL,,,,,buy
11/25/2024 15:08:46,,,9.91889412,SOL,0.000005,SOL,transfer
07/06/2024 00:32:51,9.91889412,SOL,1379.43,USD,,,buy
05/29/2024 20:06:59,,,9.91799912,SOL,0.000005,SOL,transfer
05/29/2024 20:03:50,,,0.001005,SOL,0.000005,SOL,transfer
03/03/2024 13:35:50,0.9459,SOL,122.61,USD,,,buy
03/21/2022 22:16:02,1.999995,SOL,177.64,USD,,,buy
03/21/2022 22:13:08,6.974,SOL,619.43,USD,,,buy
07/25/2023 22:15:34,0.0001,BNB,0.02,USD,0.000063,BNB,buy
07/25/2023 22:14:01,0.00000116,BNB,,,0.000063,BNB,buy
07/25/2023 22:13:31,0.000002,BNB,,,0.000021,BNB,buy
07/25/2023 22:13:19,,,11.6196869,BNB,0.00006405,BNB,transfer
07/25/2023 22:12:04,,,0.02010605,BNB,0.00010605,BNB,transfer
07/25/2023 18:01:46,11.27540917,BNB,2681.01,USD,0.00009937,BNB,buy
12/24/2022 13:28:39,,,3.20010521,BNB,0.00010521,BNB,transfer
12/24/2022 13:23:23,2.33780557,BNB,571.93,USD,0.00021,BNB,buy
11/18/2022 20:01:59,0.14,BNB,38.07,USD,0.000105,BNB,buy
11/18/2022 20:01:14,0.28,BNB,76.14,USD,0.000105,BNB,buy
11/13/2022 16:54:08,0.6,BNB,167.40,USD,0.000105,BNB,buy
10/31/2022 16:51:32,,,1.49010542,BNB,0.00010542,BNB,transfer
10/31/2022 16:42:08,1.685,BNB,550.15,USD,0.00021,BNB,buy
10/10/2022 02:05:41,,,2.0001051,BNB,0.00010511,BNB,transfer
09/28/2022 22:25:41,,,0.47010605,BNB,0.00010605,BNB,transfer
09/28/2022 19:58:57,2.482,BNB,677.78,USD,0.00021,BNB,buy
09/26/2022 17:10:49,,,0.91873582,BNB,0.00010542,BNB,transfer
09/15/2022 17:06:14,,,2.10010605,BNB,0.00010605,BNB,transfer
08/21/2022 23:01:04,,,0.60010542,BNB,0.00010542,BNB,transfer
08/04/2022 16:08:53,1.526,BNB,463.54,USD,0.00021,BNB,buy
08/04/2022 15:04:32,0.908,BNB,275.81,USD,0.00021,BNB,buy
07/22/2022 16:00:26,,,1.00010542,BNB,0.00010542,BNB,transfer
07/22/2022 15:41:02,1.046,BNB,278.78,USD,0.00021,BNB,buy
07/08/2022 01:59:31,1.139,BNB,274.96,USD,0.00021,BNB,buy
01/30/2022 13:34:35,,,5.03020574,BNB,0.00010542,BNB,transfer
01/30/2022 13:25:32,5.03025845,BNB,1930.51,USD,0.000105,BNB,buy
05/29/2024 22:16:18,,,41.38181407,DOT,0.01571865,DOT,transfer
02/15/2024 23:17:30,3.321,DOT,25.71,USD,0.0159223,DOT,buy
03/21/2022 22:28:00,1.86601407,DOT,35.07,USD,0.0159,DOT,buy
03/21/2022 22:19:36,9.98,DOT,187.56,USD,0.0159,DOT,buy
03/21/2022 22:11:18,26.2148,DOT,492.68,USD,0.0158,DOT,buy
11/25/2024 15:23:37,0.00001,BCH,,,0.000002,BCH,buy
11/25/2024 15:23:37,,,3.17451426,BCH,0.00000384,BCH,transfer
07/06/2024 01:49:59,3.17451426,BCH,1044.07,USD,0.00000226,BCH,buy
05/29/2024 22:33:50,,,3.17452331,BCH,0.0000068,BCH,transfer
03/16/2022 14:59:04,0.486531,BCH,142.23,USD,0.00000226,BCH,buy
03/16/2022 14:59:04,2.68799231,BCH,785.80,USD,0.00000226,BCH,buy
11/15/2025 04:47:09,0,BNB,,,0.00000105,BNB,buy
11/15/2025 04:44:41,0.0000001,BNB,,,0.00000105,BNB,buy
11/15/2025 04:27:47,,,4.55043207,BNB,0.00000105,BNB,transfer
01/25/2025 17:02:06,,,,,0.0000304,BNB,
01/25/2025 17:02:06,1,BNB,684.51,USD,,,buy
01/25/2025 17:00:45,,,0.25030449,BNB,0.00030449,BNB,transfer
01/25/2025 16:59:39,,,,,0.00004636,BNB,
01/25/2025 16:56:42,,,0.25035541,BNB,0.00035541,BNB,transfer
01/25/2025 15:58:33,,,1.00004504,BNB,0.00004504,BNB,transfer
01/11/2025 16:35:56,,,,,0.00037039,BNB,
01/11/2025 16:35:38,,,,,0.00014197,BNB,
01/11/2025 16:35:02,,,,,0.00036196,BNB,
01/11/2025 16:34:44,,,,,0.00014188,BNB,
01/11/2025 16:33:23,,,,,0.00042173,BNB,
01/11/2025 16:33:05,,,,,0.00014201,BNB,
01/11/2025 16:32:29,,,,,0.00036199,BNB,
01/11/2025 16:32:02,,,,,0.00014191,BNB,
10/13/2024 00:18:47,4.795,BNB,2767.66,USD,0.000042,BNB,buy
10/13/2024 00:13:14,0.195,BNB,112.55,USD,0.000042,BNB,buy
01/21/2024 21:15:54,,,,,0.00021504,BNB,
01/21/2024 21:13:11,,,,,0.00024156,BNB,
01/21/2024 21:09:50,,,,,0.00028589,BNB,
01/21/2024 21:02:14,,,,,0.00026789,BNB,
01/21/2024 20:59:56,,,,,0.00026789,BNB,
01/21/2024 20:58:53,,,,,0.00026789,BNB,
01/21/2024 20:57:34,,,,,0.00021659,BNB,
01/21/2024 20:55:14,,,,,0.0002085,BNB,
01/21/2024 20:54:26,,,,,0.00025394,BNB,
01/21/2024 20:52:47,,,,,0.00025394,BNB,
01/21/2024 20:52:05,,,,,0.00025394,BNB,
01/21/2024 20:50:20,,,,,0.00025394,BNB,
01/21/2024 20:48:38,,,,,0.00025394,BNB,
01/21/2024 20:47:05,,,,,0.00025394,BNB,
01/21/2024 20:42:38,,,,,0.00010394,BNB,
01/21/2024 20:34:05,,,,,0.00021659,BNB,
01/21/2024 20:26:32,,,,,0.00025398,BNB,
01/21/2024 20:23:41,,,,,0.00025394,BNB,
01/21/2024 20:20:23,,,,,0.00025394,BNB,
01/21/2024 20:12:44,,,,,0.00010398,BNB,
01/21/2024 20:11:20,,,,,0.00010398,BNB,
01/21/2024 20:10:05,,,,,0.00010394,BNB,
01/21/2024 20:09:08,,,,,0.00010398,BNB,
01/21/2024 20:08:26,,,,,0.00010394,BNB,
01/21/2024 20:06:14,,,,,0.00020854,BNB,
01/21/2024 20:02:35,,,,,0.00026789,BNB,
01/21/2024 19:58:50,,,,,0.00026789,BNB,
01/21/2024 19:57:29,,,,,0.00026789,BNB,
01/21/2024 19:54:14,,,,,0.00023459,BNB,
01/21/2024 19:53:17,,,,,0.00028589,BNB,
01/21/2024 19:52:08,,,,,0.00026789,BNB,
01/21/2024 19:48:59,,,,,0.00026789,BNB,
01/21/2024 19:47:47,,,,,0.00026789,BNB,
01/21/2024 19:42:41,,,,,0.00028582,BNB,
01/21/2024 17:53:44,,,,,0.00015524,BNB,
01/21/2024 17:52:07,,,,,0.00015524,BNB,
01/21/2024 17:39:29,,,,,0.00015524,BNB,
01/21/2024 17:35:56,,,,,0.00010394,BNB,
01/21/2024 17:35:02,,,,,0.00010394,BNB,
01/21/2024 17:31:59,,,,,0.00010394,BNB,
01/21/2024 16:43:39,,,,,0.000063,BNB,
12/18/2023 23:12:31,0.04416168,BNB,10.46,USD,0.000063,BNB,buy
12/18/2023 22:51:00,,,0.04680505,BNB,0.000063,BNB,transfer
07/12/2023 03:43:50,,,,,0.00007446,BNB,
07/12/2023 03:41:17,,,,,0.00008706,BNB,
07/12/2023 03:38:53,,,,,0.00013203,BNB,
07/12/2023 03:35:56,,,,,0.00024242,BNB,
07/12/2023 03:35:11,,,,,0.00023399,BNB,
07/12/2023 03:33:41,,,,,0.00010878,BNB,
07/12/2023 02:28:07,,,,,0.00013296,BNB,
03/16/2023 22:23:41,,,,,0.00121407,BNB,
03/16/2023 22:23:14,,,,,0.00022228,BNB,
03/15/2023 02:51:14,,,,,0.00179882,BNB,
03/15/2023 02:50:42,,,,,0.00022254,BNB,
02/21/2023 18:06:03,,,,,0.00190354,BNB,
02/21/2023 16:26:22,,,,,0.00190354,BNB,
02/21/2023 16:24:43,,,0.20161825,BNB,0.00161826,BNB,transfer
02/15/2023 00:21:59,,,18.21229065,BNB,0.00089065,BNB,transfer
02/15/2023 00:14:19,18.44227958,BNB,5579.77,USD,,,buy
02/07/2023 02:55:52,,,,,0.00068963,BNB,
02/07/2023 02:55:52,0.00728586,BNB,2.39,USD,,,buy
02/07/2023 02:46:28,,,,,0.00068963,BNB,
02/07/2023 02:46:28,0.00400025,BNB,1.31,USD,,,buy
02/07/2023 02:45:46,,,,,0.00022254,BNB,
02/07/2023 02:38:49,,,13.600105,BNB,0.000105,BNB,transfer
02/07/2023 02:36:01,,,0.100105,BNB,0.000105,BNB,transfer
02/07/2023 02:35:04,0.000001,BNB,,,0.000105,BNB,buy
02/07/2023 02:33:52,,,0.100105,BNB,0.000105,BNB,transfer
02/07/2023 02:28:18,0.000001,BNB,,,0.000105,BNB,buy
02/07/2023 02:26:53,,,0.100105,BNB,0.000105,BNB,transfer
02/07/2023 02:22:37,13.88793649,BNB,4566.26,USD,,,buy
02/07/2023 02:02:00,,,0.039676,BNB,0.000105,BNB,transfer
02/07/2023 01:41:33,0.09020258,BNB,29.65,USD,,,buy
01/24/2023 21:12:11,,,,,0.00038999,BNB,
01/24/2023 20:39:30,0.01,BNB,3.14,USD,0.000105,BNB,buy
01/25/2025 17:00:45,22278.4644,XPR,126.72,USD,,,buy
01/25/2025 16:56:42,24778.1248,XPR,140.94,USD,,,buy
07/12/2023 02:15:30,679.11784492,DRIP,125.76,USD,,,buy
02/15/2023 07:50:53,696969.6969,WEB4,,,,,buy
02/15/2023 06:46:03,696969.6969,WEB4,,,,,buy
02/15/2023 02:32:20,696969.6969,WEB4,,,,,buy
10/21/2025 08:43:13,0.0000001,WBNB,,,,,buy
03/16/2023 22:23:41,,,263.47154035,GPT,,,transfer
03/15/2023 02:51:14,1053.88616139,GPT,,,,,buy
03/19/2024 02:11:32,100.27166812,DEBT,,,,,buy
03/19/2024 02:10:59,101.8672406,DEBT,,,,,buy
03/19/2024 02:09:23,99.8172616,DEBT,,,,,buy
03/19/2024 02:07:11,1,DEBT,,,,,buy
01/21/2024 20:42:38,,,1,DEBT,,,transfer
01/21/2024 20:12:44,,,100,DEBT,,,transfer
01/21/2024 20:11:20,,,99,DEBT,,,transfer
01/21/2024 20:10:05,,,1,DEBT,,,transfer
01/21/2024 20:09:08,,,170,DEBT,,,transfer
01/21/2024 20:08:26,,,1,DEBT,,,transfer
01/21/2024 17:53:44,,,5,DEBT,,,transfer
01/21/2024 17:52:07,,,5,DEBT,,,transfer
01/21/2024 17:39:29,,,5,DEBT,,,transfer
01/21/2024 17:35:56,,,4,DEBT,,,transfer
01/21/2024 17:35:02,,,0.01,DEBT,,,transfer
01/21/2024 17:31:59,,,0.01,DEBT,,,transfer
12/18/2023 22:46:27,4.0723198,DEBT,,,,,buy
08/03/2023 15:56:11,98.99999999,DEBT,,,,,buy
08/03/2023 15:54:23,1,DEBT,,,,,buy
07/12/2023 03:33:41,,,100,DEBT,,,transfer
03/16/2023 22:23:41,1.78740249,DEBT,,,,,buy
03/15/2023 02:51:14,,,5,DEBT,,,transfer
02/21/2023 18:06:03,,,25,DEBT,,,transfer
02/21/2023 16:26:22,,,8,DEBT,,,transfer
02/15/2023 00:21:59,243.56545565,DEBT,,,,,buy
02/07/2023 02:59:46,180,DEBT,,,,,buy
02/07/2023 02:55:52,,,0.1,DEBT,,,transfer
02/07/2023 02:46:28,,,0.05485,DEBT,,,transfer
02/07/2023 02:43:43,1.05485232,DEBT,,,,,buy
02/21/2023 18:06:03,71046.05984847,$TRUTH,,,,,buy
02/21/2023 16:26:22,21258.39672691,$TRUTH,,,,,buy
02/21/2023 16:24:43,6972.40302655,$TRUTH,,,,,buy
10/17/2025 16:51:12,0.1,BUNL,,,,,buy
05/01/2025 02:59:38,,,0.49998988,BTC,0.00000532,BTC,transfer
05/01/2025 02:45:07,,,0.01001012,BTC,0.00001012,BTC,transfer
04/06/2025 22:44:16,0.5,BTC,40975.99,USD,0.00002795,BTC,buy
04/06/2025 22:35:13,0.01,BTC,819.51,USD,0.00001478,BTC,buy
11/25/2024 15:54:31,,,0.99028242,BTC,0.00001338,BTC,transfer
11/25/2024 15:07:40,,,0.01001518,BTC,0.00001518,BTC,transfer
10/22/2024 03:00:52,,,0.14654301,BTC,0.00004301,BTC,transfer
09/20/2024 15:43:09,0.64484061,BTC,40534.60,USD,0.00009118,BTC,buy
09/18/2024 18:32:23,0.001,BTC,60.17,USD,0.00004882,BTC,buy
09/18/2024 18:32:23,0.5,BTC,30088.63,USD,0.00005657,BTC,buy
09/18/2024 18:32:23,0.001,BTC,60.17,USD,0.0000319,BTC,buy
07/22/2024 15:34:36,,,0.40687618,BTC,0.00000931,BTC,transfer
07/08/2024 21:42:34,,,0.64001472,BTC,0.00001472,BTC,transfer
07/08/2024 20:28:21,,,0.10002277,BTC,0.00002277,BTC,transfer
07/06/2024 00:39:33,1.13691367,BTC,64531.66,USD,0.00012561,BTC,buy
07/06/2024 00:39:33,0.01,BTC,567.60,USD,0.00012262,BTC,buy
05/29/2024 22:00:24,,,1.14048778,BTC,0.00005719,BTC,transfer
05/29/2024 21:23:43,,,0.01006213,BTC,0.00006213,BTC,transfer
05/29/2024 01:55:59,,,0.00011799,BTC,0.00001799,BTC,transfer
05/29/2024 00:54:13,,,0.30102761,BTC,0.00002761,BTC,transfer
03/03/2024 13:07:41,1.45009364,BTC,90004.21,USD,0.0010665,BTC,buy
03/03/2024 12:36:12,0.00160187,BTC,99.42,USD,0.00063888,BTC,buy
09/20/2023 21:24:57,,,0.80049552,BTC,0.00018656,BTC,transfer
09/20/2023 21:24:57,,,0.00105232,BTC,0.00005232,BTC,transfer
08/18/2023 17:13:37,0.1394,BTC,3666.14,USD,0.0000723,BTC,buy
08/18/2023 16:22:45,0.0094,BTC,247.21,USD,0.0000522,BTC,buy
06/11/2023 18:52:19,0.0106477,BTC,274.73,USD,0.0000966,BTC,buy
04/01/2023 14:41:29,0.0030274,BTC,86.11,USD,0.00031671,BTC,buy
04/01/2023 14:41:29,0.62936978,BTC,17902.94,USD,0.00020826,BTC,buy
01/16/2023 02:47:15,,,0.11742473,BTC,0.00000759,BTC,transfer
01/16/2023 02:19:11,0.12069043,BTC,2545.10,USD,0.00000993,BTC,buy
12/15/2022 01:51:48,0.12336725,BTC,2167.90,USD,0.00008222,BTC,buy
12/15/2022 01:51:48,,,0.13328657,BTC,0.00003542,BTC,transfer
12/12/2022 19:12:49,,,0.26360342,BTC,0.00001308,BTC,transfer
12/12/2022 19:08:13,0.27996,BTC,4754.95,USD,0.00044041,BTC,buy
10/10/2022 02:42:40,,,0.0105821,BTC,0.00000675,BTC,transfer
09/29/2022 11:38:09,0.00544809,BTC,105.77,USD,0.00002112,BTC,buy
08/04/2022 02:34:28,,,0.08645207,BTC,0.00004453,BTC,transfer
08/01/2022 23:01:14,0.03234,BTC,751.86,USD,0.00005445,BTC,buy
08/01/2022 20:37:53,0.01728,BTC,401.73,USD,0.00020169,BTC,buy
08/01/2022 04:14:37,,,0.04298974,BTC,0.0000611,BTC,transfer
08/01/2022 04:03:37,0.04207,BTC,978.06,USD,0.00011858,BTC,buy
07/28/2022 01:15:42,,,0.0440496,BTC,0.00001799,BTC,transfer
07/01/2022 13:25:55,0.00241,BTC,46.81,USD,0.0004956,BTC,buy
05/13/2022 13:18:37,0.00445791,BTC,135.00,USD,0.00056947,BTC,buy
03/16/2022 14:05:14,0.00122602,BTC,49.54,USD,0.00008957,BTC,buy
03/16/2022 13:54:33,0.00284149,BTC,114.81,USD,0.00008658,BTC,buy
10/25/2021 17:42:17,0.076,BTC,4771.40,USD,0.00010527,BTC,buy
09/21/2021 15:12:35,,,0.07573121,BTC,0.0000112,BTC,transfer
09/06/2021 23:12:29,0.07382693,BTC,3819.86,USD,0.00019539,BTC,buy
09/06/2021 23:12:29,0.00190428,BTC,98.52,USD,0.0002685,BTC,buy
06/19/2025 22:46:37,,,275.774721,ADA,0.171397,ADA,transfer
06/19/2025 22:16:24,205.540674,ADA,123.32,USD,1.51584,ADA,buy
11/12/2022 23:05:48,70.234047,ADA,24.08,USD,0.312231,ADA,buy
03/11/2026 15:25:23,1.24,USDC,1.23,USD,,,buy
03/11/2026 15:33:47,1,USDC,0.99,USD,,,buy
